vardas,pavarde,amzius
Jonas,Petraitis,20
Petras,Jonaitis,22
Ona,Kazlauskaite,21
Laura,Mikalauskiene,19
Tomas,Jankauskas,23
Giedre,Navickaite,20
Martynas,Baranauskas,22
Egle,Grigaliene,21
Andrius,Baltrunas,23
Simona,Vasiliauskaite,20
Algirdas,Laukaitis,22
Greta,Petrauskaite,21
Mantas,Kavaliauskas,19
Lina,Baciulyte,23
Mindaugas,Giedraitis,20
Elena,Stankute,22
Vaida,Navickiene,21
Edvinas,Jonaitis,23
Rugile,Grigas,20
Matas,Kavaliauskas,22
Monika,Jakstaite,21
Lukas,Baciulis,19
Ema,Baranauskiene,23
Arnoldas,Pocius,20
Austeja,Simkunaite,22
Saulius,Marcinkevicius,21
Egle,Grigas,23
Laurynas,Vasiliauskas,20
Viktorija,Baranauskaite,22
Gintare,Navickiene,21
Lukrecija,Simonaityte,23
Tadas,Baciulis,20
Greta,Jonaite,22
Marius,Kavaliauskas,21
Linas,Baciulis,19
Laura,Bartkiene,23
Mindaugas,Petraitis,20
Gabija,Simkunaite,22
Ieva,Grigaliene,21
Tomas,Marcinkevicius,23
Marius,Navickas,20
Gabriele,Kavaliauskaite,22
KamilÄ—,Baranauskaite,21
Edgaras,Petraitis,23
Saulius,Bartkus,20
Auguste,Kazlauskaite,22
Lukas,Baciulis,21
Indre,Petrauskaite,19
Matas,Kavaliauskas,23
Ieva,Bartkiene,20
Arnoldas,Pocius,22
Jokubas,Grigas,21
Erika,Vasiliauskaite,23
Greta,Jonaite,20
Marius,Kavaliauskas,22
Laura,Baciulyte,21
Gabija,Simonaityte,23
Rokas,Navickas,20
Viktorija,Baranauskaite,22
Karolina,Simkunaite,21
Paulius,Marcinkevicius,23
Matas,Navickas,20
Ieva,Grigaliene,22
Saulius,Bartkus,21
Lukrecija,Bartkiene,19
Mantas,Kavaliauskas,23
Rasa,Simkunaite,20
Simona,Vasiliauskaite,22
Arnoldas,Pocius,21
Gabija,Navickaite,23
Matas,Jankauskas,20
Monika,Jonaite,22
Andrius,Baltrunas,21
Laura,Simonaityte,23
Viktorija,Baciulyte,20
Gintare,Baciulyte,22
Tomas,Bartkus,21
Gabriele,Grigas,23
Laura,Mikalauskiene,20
Edgaras,Petraitis,22
Indre,Baranauskaite,21
Rugile,Grigas,23
Tomas,Laukaitis,20
Ema,Baranauskiene,22
Marius,Bartkus,21
Giedre,Marcinkeviciute,19
Mindaugas,Jankauskas,23
Lukas,Navickas,20
Elena,Baciulyte,22
Arnoldas,Pocius,21
Gabija,Navickaite,23
Karolina,Simkunaite,20
Paulius,Marcinkevicius,22
Matas,Navickas,21
Ieva,Grigaliene,19
Saulius,Bartkus,23
Lukrecija,Bartkiene,20
Mantas,Kavaliauskas,22
Rasa,Simkunaite,21
Simona,Vasiliauskaite,23
Arnoldas,Pocius,20
Gabija,Navickaite,22
Matas,Jankauskas,21
Monika,Jonaite,23
Andrius,Baltrunas,20
Laura,Simonaityte,22
Viktorija,Baciulyte,21
Gintare,Baciulyte,23
Tomas,Bartkus,20
Gabriele,Grigas,22
Laura,Mikalauskiene,21
Edgaras,Petraitis,23
Indre,Baranauskaite,20
Rugile,Grigas,22
Tomas,Laukaitis,21
Ema,Baranauskiene,19
Marius,Bartkus,23
Giedre,Marcinkeviciute,20
Mindaugas,Jankauskas,22
Lukas,Navickas,21
Elena,Baciulyte,23
Arnoldas,Pocius,20
Gabija,Navickaite,22
Karolina,Simkunaite,21
Paulius,Marcinkevicius,23
Matas,Navickas,20
Ieva,Grigaliene,22
Saulius,Bartkus,21
Lukrecija,Bartkiene,23
Mantas,Kavaliauskas,20
Rasa,Simkunaite,22
Simona,Vasiliauskaite,21
Arnoldas,Pocius,23
Gabija,Navickaite,20
Matas,Jankauskas,22
Monika,Jonaite,21
Andrius,Baltrunas,23
Laura,Simonaityte,20
Viktorija,Baciulyte,22
Gintare,Baciulyte,21
Tomas,Bartkus,23
Gabriele,Grigas,20
Laura,Mikalauskiene,22
Edgaras,Petraitis,21
Indre,Baranauskaite,23
Rugile,Grigas,20
Tomas,Laukaitis,22
Ema,Baranauskiene,21
Marius,Bartkus,19
Giedre,Marcinkeviciute,23
Mindaugas,Jankauskas,20
Lukas,Navickas,22
Elena,Baciulyte,21
Arnoldas,Pocius,23
Gabija,Navickaite,20
Karolina,Simkunaite,22
Paulius,Marcinkevicius,21
Matas,Navickas,23
Ieva,Grigaliene,20
Saulius,Bartkus,22
Lukrecija,Bartkiene,21
Mantas,Kavaliauskas,23
Rasa,Simkunaite,20
Simona,Vasiliauskaite,22
Arnoldas,Pocius,21
Gabija,Navickaite,23
Matas,Jankauskas,20
Monika,Jonaite,22
Andrius,Baltrunas,21
Laura,Simonaityte,23
Viktorija,Baciulyte,20
Gintare,Baciulyte,22
Tomas,Bartkus,21
Gabriele,Grigas,23
Laura,Mikalauskiene,20
Edgaras,Petraitis,22
Indre,Baranauskaite,21
Rugile,Grigas,23
Tomas,Laukaitis,20
Ema,Baranauskiene,22
Marius,Bartkus,21
Giedre,Marcinkeviciute,19
Mindaugas,Jankauskas,23
Lukas,Navickas,20
Elena,Baciulyte,22
Arnoldas,Pocius,21
Gabija,Navickaite,23
Karolina,Simkunaite,20
Paulius,Marcinkevicius,22
Matas,Navickas,21
Ieva,Grigaliene,19
Saulius,Bartkus,23
Lukrecija,Bartkiene,20
Mantas,Kavaliauskas,22
Rasa,Simkunaite,21
Simona,Vasiliauskaite,23
Arnoldas,Pocius,20
Gabija,Navickaite,22
Matas,Jankauskas,21
Monika,Jonaite,23
Andrius,Baltrunas,20
Laura,Simonaityte,22
Viktorija,Baciulyte,21
Gintare,Baciulyte,23
Tomas,Bartkus,20
Gabriele,Grigas,22
Laura,Mikalauskiene,21
Edgaras,Petraitis,23
Indre,Baranauskaite,20
Rugile,Grigas,22
Tomas,Laukaitis,21
Ema,Baranauskiene,19
Marius,Bartkus,23
Giedre,Marcinkeviciute,20
Mindaugas,Jankauskas,22
Lukas,Navickas,21
Elena,Baciulyte,23
Arnoldas,Pocius,20
Gabija,Navickaite,22
Karolina,Simkunaite,21
Paulius,Marcinkevicius,23
Matas,Navickas,20
Ieva,Grigaliene,22
Saulius,Bartkus,21
Lukrecija,Bartkiene,19
Mantas,Kavaliauskas,23
Rasa,Simkunaite,20
Simona,Vasiliauskaite,22
Arnoldas,Pocius,21
